model,MAE_mean,MAE_std,RMSE_mean,RMSE_std,R2_mean,R2_std
LinearRegression,0.2589442178164319,0.01040433543667778,0.5811573911511887,0.07773758449038004,0.479402612828844,0.02759850687705133
RandomForestRegressor,0.009163969997708549,0.0019359494865660608,0.06709047409056408,0.036532621615044295,0.9914939517305037,0.008476446385805499
GradientBoostingRegressor,0.010275084204175815,0.0015858054156054557,0.04617842328069584,0.027621060779943495,0.9956188471288312,0.005080116303464855
